2016-02-29 14:38:21,"b'RT @coderanch: Our very own @jesperdj is speaking at #VoxxedVienna this week on ""Practical Scala for the busy Java Developer"". https://t.co\xe2\x80\xa6'",0
2016-02-29 14:13:52,"b'RT @kipsigman: Published @playframework #scala extensions: HTML5 image edit/upld, java.time, S3 integration - https://t.co/WAbkiK7JIA'",0
2016-02-29 14:02:10,b'RT @ScalaFact: Commitment to #Scala has not diminished! - https://t.co/zs0vu7GQix @lightbend',0
2016-02-29 13:47:27,b'RT @mabrewer7: Commitment to #Scala has not diminished! - https://t.co/1gVG30Dvav @lightbend',0
2016-02-29 13:46:06,"b'RT @capumen: Java/Scala/C++/C# Mid to Junior Developers, London\n https://t.co/595hHOgyu4 \n#capumen\n#java\n#scala'",0
2016-02-29 13:43:21,b'RT @ScalaFact: Commitment to #Scala has not diminished! - https://t.co/zs0vu7GQix @lightbend',0
2016-02-29 13:39:58,b'RT @ScalaFact: Commitment to #Scala has not diminished! - https://t.co/zs0vu7GQix @lightbend',0
2016-02-29 13:34:33,b'RT @ScalaFact: Commitment to #Scala has not diminished! - https://t.co/zs0vu7GQix @lightbend',0
2016-02-29 13:33:15,b'RT @ScalaFact: Commitment to #Scala has not diminished! - https://t.co/zs0vu7GQix @lightbend',0
2016-02-29 13:29:51,b'RT @mabrewer7: Commitment to #Scala has not diminished! - https://t.co/1gVG30Dvav @lightbend',0
2016-02-29 13:22:25,b'Hacker News - Lightbend and Scala: Questions answered https://t.co/KzJcLtsUwX',0
2016-02-29 13:09:29,"b'RT @capumen: Java/Scala/C++/C# Mid to Junior Developers, London\n https://t.co/595hHOgyu4 \n#capumen\n#java\n#scala'",0
2016-02-29 13:00:44,"b'Java/Scala/C++/C# Mid to Junior Developers, London\n https://t.co/595hHOgyu4 \n#capumen\n#java\n#scala'",3
2016-02-29 13:00:11,"b'RT @kipsigman: Published @playframework #scala extensions: HTML5 image edit/upld, java.time, S3 integration - https://t.co/WAbkiK7JIA'",0
2016-02-29 12:32:34,b'RT @ScalaFact: Commitment to #Scala has not diminished! - https://t.co/zs0vu7GQix @lightbend',0
2016-02-29 11:43:07,b'RT @JavascriptIO: How to write test-case for Scala.js application:   submitted by    /u/ayushmishra2005    to    /r/java... https://t.co/la\xe2\x80\xa6',0
2016-02-29 11:31:24,b'RT @JavascriptIO: How to write test-case for Scala.js application:   submitted by    /u/ayushmishra2005    to    /r/java... https://t.co/la\xe2\x80\xa6',0
2016-02-29 11:30:33,"b'RT @GetJavaJobs: Java &amp;#x2f; Scala Developer - #NewYork , NY (https://t.co/jRKrTHeX14) Get Java Jobs #Java #jobs #job #GetAllJobs'",0
2016-02-29 11:24:33,b'RT @SiliconArmada: Software Apps Engineer C Java Node js Scala @intel Poland Gdansk POL https://t.co/5g3EJ2DFfP #Java #Nodejs #Linux',0
2016-02-29 11:02:12,"b'Java &amp;#x2f; Scala Developer - #NewYork , NY (https://t.co/jRKrTHeX14) Get Java Jobs #Java #jobs #job #GetAllJobs'",0
2016-02-29 11:01:58,b'RT @mabrewer7: Commitment to #Scala has not diminished! - https://t.co/1gVG30Dvav @lightbend',0
2016-02-29 10:58:22,b'RT @mabrewer7: Commitment to #Scala has not diminished! - https://t.co/1gVG30Dvav @lightbend',0
2016-02-29 10:51:02,b'Commitment to #Scala has not diminished! - https://t.co/zs0vu7GQix @lightbend',6
2016-02-29 10:33:09,b'RT @mabrewer7: Commitment to #Scala has not diminished! - https://t.co/1gVG30Dvav @lightbend',0
2016-02-29 10:23:45,b'RT @mabrewer7: Commitment to #Scala has not diminished! - https://t.co/1gVG30Dvav @lightbend',0
2016-02-29 10:12:52,"b'RT @coderanch: Our very own @jesperdj is speaking at #VoxxedVienna this week on ""Practical Scala for the busy Java Developer"". https://t.co\xe2\x80\xa6'",0
2016-02-29 10:05:25,b'RT @mabrewer7: Commitment to #Scala has not diminished! - https://t.co/1gVG30Dvav @lightbend',0
2016-02-29 10:02:47,"b'RT @coderanch: Our very own @jesperdj is speaking at #VoxxedVienna this week on ""Practical Scala for the busy Java Developer"". https://t.co\xe2\x80\xa6'",0
2016-02-29 09:44:08,b'RT @JavascriptIO: How to write test-case for Scala.js application:   submitted by    /u/ayushmishra2005    to    /r/java... https://t.co/la\xe2\x80\xa6',0
2016-02-29 09:38:34,b'RT @mabrewer7: Commitment to #Scala has not diminished! - https://t.co/1gVG30Dvav @lightbend',0
2016-02-29 09:19:10,"b'RT @jstanier: A reminder: @brightonjava is this Wednesday, at the new location of @Brandwatch HQ. Great talk on Scala lined up: https://t.c\xe2\x80\xa6'",0
2016-02-29 09:18:36,b'RT @mabrewer7: Commitment to #Scala has not diminished! - https://t.co/1gVG30Dvav @lightbend',0
2016-02-29 09:18:36,"b'RT @jstanier: A reminder: @brightonjava is this Wednesday, at the new location of @Brandwatch HQ. Great talk on Scala lined up: https://t.c\xe2\x80\xa6'",0
2016-02-29 09:05:15,b'How to write test-case for Scala.js application:   submitted by    /u/ayushmishra2005    to    /r/java... https://t.co/la7S6d3y4i #reddit',2
2016-02-29 09:03:21,"b'RT @jstanier: A reminder: @brightonjava is this Wednesday, at the new location of @Brandwatch HQ. Great talk on Scala lined up: https://t.c\xe2\x80\xa6'",0
2016-02-29 09:03:21,"b'RT @jstanier: A reminder: @brightonjava is this Wednesday, at the new location of @Brandwatch HQ. Great talk on Scala lined up: https://t.c\xe2\x80\xa6'",0
2016-02-29 09:02:52,"b'A reminder: @brightonjava is this Wednesday, at the new location of @Brandwatch HQ. Great talk on Scala lined up: https://t.co/MKKCqmK0RM'",4
2016-02-29 08:56:08,"b'RT @StephenPiment: Typesafe -&gt; Lightbend :: Scala -&gt; Java 8. Meanwhile, Odersky -&gt; Dotty. All is not well in #Scala land.'",0
2016-02-29 08:53:37,b'RT @mabrewer7: Commitment to #Scala has not diminished! - https://t.co/1gVG30Dvav @lightbend',0
2016-02-29 08:52:19,"b'RT @coderanch: Our very own @jesperdj is speaking at #VoxxedVienna this week on ""Practical Scala for the busy Java Developer"". https://t.co\xe2\x80\xa6'",0
2016-02-29 08:51:07,b'RT @mabrewer7: Commitment to #Scala has not diminished! - https://t.co/1gVG30Dvav @lightbend',0
2016-02-29 08:51:05,b'RT @mabrewer7: Commitment to #Scala has not diminished! - https://t.co/1gVG30Dvav @lightbend',0
2016-02-29 08:46:33,"b'Our very own @jesperdj is speaking at #VoxxedVienna this week on ""Practical Scala for the busy Java Developer"". https://t.co/WdgLm7icEc'",4
2016-02-29 08:45:31,b'RT @mabrewer7: Commitment to #Scala has not diminished! - https://t.co/1gVG30Dvav @lightbend',0
2016-02-29 08:40:33,b'RT @mabrewer7: Commitment to #Scala has not diminished! - https://t.co/1gVG30Dvav @lightbend',0
2016-02-29 08:39:03,b'RT @mabrewer7: Commitment to #Scala has not diminished! - https://t.co/1gVG30Dvav @lightbend',0
2016-02-29 08:37:02,b'RT @godtributes: @kvnwbbr JAVAS FOR THE JAVA GOD! SCALA FOR THE SCALA UNION',0
2016-02-29 08:36:42,b'@kvnwbbr JAVAS FOR THE JAVA GOD! SCALA FOR THE SCALA UNION',2
2016-02-29 08:36:31,"b'RT @deanwampler: Don\xe2\x80\x99t worry. @lightbend has a full-time Scala team dedicated to it. For my Big Data work, Java is dead, too. https://t.co/\xe2\x80\xa6'",0
2016-02-29 08:36:26,b'RT @mabrewer7: Commitment to #Scala has not diminished! - https://t.co/1gVG30Dvav @lightbend',0
2016-02-29 08:33:05,b'RT @mabrewer7: Commitment to #Scala has not diminished! - https://t.co/1gVG30Dvav @lightbend',0
2016-02-29 08:32:56,b'RT @mabrewer7: Commitment to #Scala has not diminished! - https://t.co/1gVG30Dvav @lightbend',0
2016-02-29 08:32:52,b'RT @mabrewer7: Commitment to #Scala has not diminished! - https://t.co/1gVG30Dvav @lightbend',0
2016-02-29 08:32:49,b'RT @mabrewer7: Commitment to #Scala has not diminished! - https://t.co/1gVG30Dvav @lightbend',0
2016-02-29 08:32:42,b'RT @mabrewer7: Commitment to #Scala has not diminished! - https://t.co/1gVG30Dvav @lightbend',0
2016-02-29 08:32:37,b'RT @mabrewer7: Commitment to #Scala has not diminished! - https://t.co/1gVG30Dvav @lightbend',0
2016-02-29 08:32:31,b'RT @mabrewer7: Commitment to #Scala has not diminished! - https://t.co/1gVG30Dvav @lightbend',0
2016-02-29 08:32:21,b'RT @mabrewer7: Commitment to #Scala has not diminished! - https://t.co/1gVG30Dvav @lightbend',0
2016-02-29 08:32:16,b'RT @mabrewer7: Commitment to #Scala has not diminished! - https://t.co/1gVG30Dvav @lightbend',0
2016-02-29 08:32:14,b'RT @mabrewer7: Commitment to #Scala has not diminished! - https://t.co/1gVG30Dvav @lightbend',0
2016-02-29 08:32:11,b'RT @mabrewer7: Commitment to #Scala has not diminished! - https://t.co/1gVG30Dvav @lightbend',0
2016-02-29 08:32:10,b'RT @mabrewer7: Commitment to #Scala has not diminished! - https://t.co/1gVG30Dvav @lightbend',0
2016-02-29 08:32:08,b'RT @mabrewer7: Commitment to #Scala has not diminished! - https://t.co/1gVG30Dvav @lightbend',0
2016-02-29 08:32:07,b'RT @mabrewer7: Commitment to #Scala has not diminished! - https://t.co/1gVG30Dvav @lightbend',0
2016-02-29 08:32:06,b'RT @mabrewer7: Commitment to #Scala has not diminished! - https://t.co/1gVG30Dvav @lightbend',0
2016-02-29 08:31:53,b'RT @mabrewer7: Commitment to #Scala has not diminished! - https://t.co/1gVG30Dvav @lightbend',0
2016-02-29 08:31:53,b'RT @mabrewer7: Commitment to #Scala has not diminished! - https://t.co/1gVG30Dvav @lightbend',0
2016-02-29 08:31:40,b'RT @mabrewer7: Commitment to #Scala has not diminished! - https://t.co/1gVG30Dvav @lightbend',0
2016-02-29 08:31:20,b'RT @mabrewer7: Commitment to #Scala has not diminished! - https://t.co/1gVG30Dvav @lightbend',0
2016-02-29 08:27:04,b'RT @mabrewer7: Commitment to #Scala has not diminished! - https://t.co/1gVG30Dvav @lightbend',0
2016-02-29 08:26:27,b'RT @mabrewer7: Commitment to #Scala has not diminished! - https://t.co/1gVG30Dvav @lightbend',0
2016-02-29 08:25:50,b'RT @mabrewer7: Commitment to #Scala has not diminished! - https://t.co/1gVG30Dvav @lightbend',0
2016-02-29 08:24:49,b'Commitment to #Scala has not diminished! - https://t.co/1gVG30Dvav @lightbend',14
2016-02-29 05:42:55,b'RT @SiliconArmada: Software Apps Engineer C Java Node js Scala @intel Poland Gdansk POL https://t.co/5g3EJ2DFfP #Java #Nodejs #Linux',0
2016-02-29 04:21:57,"b""RT @runT1ME: Think I'm going to give up trying to convince some friends #Scala is better than Java.  My new argument will be how much more \xe2\x80\xa6""",0
2016-02-29 03:54:45,b'RT @SiliconArmada: Software Apps Engineer C Java Node js Scala @intel Poland Gdansk POL https://t.co/5g3EJ2DFfP #Java #Nodejs #Linux',0
2016-02-29 03:51:44,b'RT @SiliconArmada: Software Apps Engineer C Java Node js Scala @intel Poland Gdansk POL https://t.co/5g3EJ2DFfP #Java #Nodejs #Linux',0
2016-02-29 03:35:51,b'RT @SiliconArmada: Software Apps Engineer C Java Node js Scala @intel Poland Gdansk POL https://t.co/5g3EJ2DFfP #Java #Nodejs #Linux',0
2016-02-29 03:09:27,b'RT @SiliconArmada: Software Apps Engineer C Java Node js Scala @intel Poland Gdansk POL https://t.co/5g3EJ2DFfP #Java #Nodejs #Linux',0
2016-02-29 03:06:32,b'RT @SiliconArmada: Software Apps Engineer C Java Node js Scala @intel Poland Gdansk POL https://t.co/5g3EJ2DFfP #Java #Nodejs #Linux',0
2016-02-29 03:06:21,b'RT @SiliconArmada: Software Apps Engineer C Java Node js Scala @intel Poland Gdansk POL https://t.co/5g3EJ2DFfP #Java #Nodejs #Linux',0
2016-02-29 03:05:13,b'RT @SiliconArmada: Software Apps Engineer C Java Node js Scala @intel Poland Gdansk POL https://t.co/5g3EJ2DFfP #Java #Nodejs #Linux',0
2016-02-29 03:05:08,b'Software Apps Engineer C Java Node js Scala @intel Poland Gdansk POL https://t.co/5g3EJ2DFfP #Java #Nodejs #Linux',4
2016-02-29 02:44:33,"b'RT @GetJavaJobs: Senior Java/Scala Developer - #NewYork , NY (https://t.co/mnvSGTR3Ws) Get Java Jobs #Java #jobs #job #GetAllJobs'",0
2016-02-29 02:31:38,"b'Senior Java/Scala Developer - #NewYork , NY (https://t.co/mnvSGTR3Ws) Get Java Jobs #Java #jobs #job #GetAllJobs'",0
2016-02-29 02:01:41,"b'Published @playframework #scala extensions: HTML5 image edit/upld, java.time, S3 integration - https://t.co/WAbkiK7JIA'",7
2016-02-29 00:54:50,"b""RT @runT1ME: Think I'm going to give up trying to convince some friends #Scala is better than Java.  My new argument will be how much more \xe2\x80\xa6""",0
2016-02-29 00:05:43,"b""Think I'm going to give up trying to convince some friends #Scala is better than Java.  My new argument will be how much more fun it is.""",7
2016-02-28 23:43:26,"b'RT @JavaEngJobs: Backend Software Engineer - Online Store - Nest - Palo Alto, CA: Scala, C/C++, Java, Javascript, Python, Ruby,... https://\xe2\x80\xa6'",0
2016-02-28 22:44:22,b'RT @awsforjava: #AWS #Java Development Blog: Event Driven Architecture with #Scala #Docker and #Kinesis Firehose - Part 2: https://t.co/hWI\xe2\x80\xa6',0
2016-02-28 22:15:09,b'RT @dsinczak: A little bit of #functional programming in #java with https://t.co/zrIHdHXRmH looks nice. Still not #scala but gets better.',0
2016-02-28 20:06:47,"b'RT @lambdajobs: Apply now! #Scala/#Java Backend Lead Dev at @mylivn (Munich, Germany) | ""Smart Shopping"" https://t.co/SweHNPTBlv #jobs #hir\xe2\x80\xa6'",0
2016-02-28 20:03:49,"b'Apply now! #Scala/#Java Backend Lead Dev at @mylivn (Munich, Germany) | ""Smart Shopping"" https://t.co/SweHNPTBlv #jobs #hiring'",1
2016-02-28 19:42:57,b'A little bit of #functional programming in #java with https://t.co/zrIHdHXRmH looks nice. Still not #scala but gets better.',4
2016-02-28 16:22:00,"b'RT @deanwampler: Don\xe2\x80\x99t worry. @lightbend has a full-time Scala team dedicated to it. For my Big Data work, Java is dead, too. https://t.co/\xe2\x80\xa6'",0
2016-02-28 16:16:51,"b'RT @StephenPiment: Typesafe -&gt; Lightbend :: Scala -&gt; Java 8. Meanwhile, Odersky -&gt; Dotty. All is not well in #Scala land.'",0
2016-02-28 15:52:53,"b'RT @deanwampler: Don\xe2\x80\x99t worry. @lightbend has a full-time Scala team dedicated to it. For my Big Data work, Java is dead, too. https://t.co/\xe2\x80\xa6'",0
2016-02-28 10:17:59,b'RT @risuosan: Java vs. Scala: Why Should I Learn Scala? | Toptal https://t.co/CvCGWd66GM',0
2016-02-28 10:17:07,b'Java vs. Scala: Why Should I Learn Scala? | Toptal https://t.co/CvCGWd66GM',1
2016-02-28 07:57:33,b'RT @KRBS9999: Which is the best language for   #MachineLearning ??\n#Scala  or #Java or #R or #Python ?\nSuggestions please\n#Bigdata #DataSci\xe2\x80\xa6',0
2016-02-28 07:41:01,b'RT @KRBS9999: Which is the best language for   #MachineLearning ??\n#Scala  or #Java or #R or #Python ?\nSuggestions please\n#Bigdata #DataSci\xe2\x80\xa6',0
2016-02-28 07:35:29,b'Which is the best language for   #MachineLearning ??\n#Scala  or #Java or #R or #Python ?\nSuggestions please\n#Bigdata #DataScientist #Hadoop',7
2016-02-28 06:37:10,"b'RT @deanwampler: Don\xe2\x80\x99t worry. @lightbend has a full-time Scala team dedicated to it. For my Big Data work, Java is dead, too. https://t.co/\xe2\x80\xa6'",0
2016-02-28 05:30:05,"b'RT @StephenPiment: Typesafe -&gt; Lightbend :: Scala -&gt; Java 8. Meanwhile, Odersky -&gt; Dotty. All is not well in #Scala land.'",0
2016-02-28 02:12:36,b'RT @smuddu: Is Scala on the Way Out? https://t.co/ZwPPdBGb7U @java @rails @Oracle @pivotal @IBM @awscloud @Azure @ApacheSpark @hadoop @Spri\xe2\x80\xa6',0
2016-02-28 01:26:30,"b'RT @lightbend: Blog from @toptalllc:\n\n""#Java vs. #Scala: Why Should I Learn Scala? | http://t.co/RbTl4eQwZN http://t.co/pjCffAyxaJ'",0
2016-02-28 00:30:59,b'Is Scala on the Way Out? https://t.co/ZwPPdBGb7U @java @rails @Oracle @pivotal @IBM @awscloud @Azure @ApacheSpark @hadoop @SpringSource',0
2016-02-28 00:13:03,"b'RT @StephenPiment: Typesafe -&gt; Lightbend :: Scala -&gt; Java 8. Meanwhile, Odersky -&gt; Dotty. All is not well in #Scala land.'",0
2016-02-27 22:50:09,"b'RT @deanwampler: Don\xe2\x80\x99t worry. @lightbend has a full-time Scala team dedicated to it. For my Big Data work, Java is dead, too. https://t.co/\xe2\x80\xa6'",0
2016-02-27 21:46:31,"b'RT @deanwampler: Don\xe2\x80\x99t worry. @lightbend has a full-time Scala team dedicated to it. For my Big Data work, Java is dead, too. https://t.co/\xe2\x80\xa6'",0
2016-02-27 20:59:12,"b'RT @StephenPiment: Typesafe -&gt; Lightbend :: Scala -&gt; Java 8. Meanwhile, Odersky -&gt; Dotty. All is not well in #Scala land.'",0
2016-02-27 20:46:05,"b'RT @deanwampler: Don\xe2\x80\x99t worry. @lightbend has a full-time Scala team dedicated to it. For my Big Data work, Java is dead, too. https://t.co/\xe2\x80\xa6'",0
2016-02-27 20:23:21,"b'RT @deanwampler: Don\xe2\x80\x99t worry. @lightbend has a full-time Scala team dedicated to it. For my Big Data work, Java is dead, too. https://t.co/\xe2\x80\xa6'",0
2016-02-27 20:21:47,"b'RT @deanwampler: Don\xe2\x80\x99t worry. @lightbend has a full-time Scala team dedicated to it. For my Big Data work, Java is dead, too. https://t.co/\xe2\x80\xa6'",0
2016-02-27 20:21:13,"b'RT @deanwampler: Don\xe2\x80\x99t worry. @lightbend has a full-time Scala team dedicated to it. For my Big Data work, Java is dead, too. https://t.co/\xe2\x80\xa6'",0
2016-02-27 20:20:48,"b'Don\xe2\x80\x99t worry. @lightbend has a full-time Scala team dedicated to it. For my Big Data work, Java is dead, too. https://t.co/BkklTdGfPF'",12
2016-02-27 20:18:24,"b'Typesafe -&gt; Lightbend :: Scala -&gt; Java 8. Meanwhile, Odersky -&gt; Dotty. All is not well in #Scala land.'",6
2016-02-27 15:04:37,"b""RT @brightonjava: Don't forget Brighton Java this Weds, with an exciting talk on Scala from @d6y https://t.co/cGcLUaq11a and pizza supplied\xe2\x80\xa6""",0
2016-02-27 15:04:12,"b""Don't forget Brighton Java this Weds, with an exciting talk on Scala from @d6y https://t.co/cGcLUaq11a and pizza supplied by @Brandwatch""",0
2016-02-27 14:51:51,"b""RT @jamie_allen: Join @crichardson &amp; me discussing Microservices in #Scala &amp; #Java at @sfscala on March 22nd. I'll introduce #lagom. https:\xe2\x80\xa6""",0
2016-02-27 13:00:15,"b'My @Quora answer to Which server-side programming language is the best for a starting programmer: Perl, PHP, Python\xe2\x80\xa6 https://t.co/okHXgyzhvU'",0
2016-02-27 10:07:51,"b'RT @iredrc: Looking for professional focused on bigdata, to work in Madrid: Scala,Java,Hadoop,Spark.Send me your CV to irene.rios@e-frontie\xe2\x80\xa6'",0
2016-02-27 10:06:54,"b'Looking for professional focused on bigdata, to work in Madrid: Scala,Java,Hadoop,Spark.Send me your CV to irene.rios@e-frontiers.ie'",0
2016-02-27 08:14:39,b'#scala - getting java.util.NoSuchElementException\n#Tech #Internet #Programming\nhttps://t.co/08DhrLRe4A',0
2016-02-27 08:13:19,"b'RT @RecruitGalway: Hiring Now: Java / Scala Developer in Galway, Ireland https://t.co/X9AbIzHXro #jobfairy #java #scala'",0
2016-02-27 08:11:25,"b'RT @RecruitGalway: Hiring Now: Java / Scala Developer in Galway, Ireland https://t.co/X9AbIzHXro #jobfairy #java #scala'",0
2016-02-27 07:04:44,"b'Hiring Now: Java / Scala Developer in Galway, Ireland https://t.co/X9AbIzHXro #jobfairy #java #scala'",0
2016-02-27 00:58:54,"b'RT @johanatan: What is it with companies seeking #FP and #Scala developers in job description but arguing *for* imperative, OOP, &amp; #Java in\xe2\x80\xa6'",0
2016-02-27 00:58:20,"b""RT @jamie_allen: Join @crichardson &amp; me discussing Microservices in #Scala &amp; #Java at @sfscala on March 22nd. I'll introduce #lagom. https:\xe2\x80\xa6""",0
2016-02-27 00:31:46,"b'RT @PtechPartners: Peterson Technology Partners is hiring a JAVA WEB Developer-SCALA in Northbrook, IL #job #Java, #Hadoop, https://t.co/HH\xe2\x80\xa6'",0
2016-02-26 23:22:46,"b'Python: strong, but dynamic\nScala: static, but with inference and pattern matching\nJava: None of that and headaches https://t.co/izzr5QO5p6'",0
2016-02-26 23:19:37,"b'Peterson Technology Partners is hiring a JAVA WEB Developer-SCALA in Northbrook, IL #job #Java, #Hadoop, https://t.co/HHMK9p5xrS'",2
2016-02-26 23:04:31,"b""RT @jamie_allen: Join @crichardson &amp; me discussing Microservices in #Scala &amp; #Java at @sfscala on March 22nd. I'll introduce #lagom. https:\xe2\x80\xa6""",0
2016-02-26 22:09:00,"b""RT @jamie_allen: Join @crichardson &amp; me discussing Microservices in #Scala &amp; #Java at @sfscala on March 22nd. I'll introduce #lagom. https:\xe2\x80\xa6""",0
2016-02-26 21:15:13,"b'RT @johanatan: What is it with companies seeking #FP and #Scala developers in job description but arguing *for* imperative, OOP, &amp; #Java in\xe2\x80\xa6'",0
2016-02-26 21:14:51,"b'RT @johanatan: What is it with companies seeking #FP and #Scala developers in job description but arguing *for* imperative, OOP, &amp; #Java in\xe2\x80\xa6'",0
2016-02-26 20:48:46,"b""RT @jamie_allen: Join @crichardson &amp; me discussing Microservices in #Scala &amp; #Java at @sfscala on March 22nd. I'll introduce #lagom. https:\xe2\x80\xa6""",0
2016-02-26 20:38:25,"b""RT @jamie_allen: Join @crichardson &amp; me discussing Microservices in #Scala &amp; #Java at @sfscala on March 22nd. I'll introduce #lagom. https:\xe2\x80\xa6""",0
2016-02-26 20:18:35,"b'What is it with companies seeking #FP and #Scala developers in job description but arguing *for* imperative, OOP, &amp; #Java in the interview?'",1
2016-02-26 19:52:47,"b""RT @aaronmblevin: Some people have pointed out this isn't Scala Implicits but a Java thing.\n\nUpdate - Java: never again.\n\nhttps://t.co/dDVz\xe2\x80\xa6""",0
2016-02-26 19:46:53,"b""RT @jamie_allen: Join @crichardson &amp; me discussing Microservices in #Scala &amp; #Java at @sfscala on March 22nd. I'll introduce #lagom. https:\xe2\x80\xa6""",0
2016-02-26 19:00:54,"b""Some people have pointed out this isn't Scala Implicits but a Java thing.\n\nUpdate - Java: never again.\n\nhttps://t.co/dDVzauBQKo""",3
2016-02-26 18:50:04,"b""Join @crichardson &amp; me discussing Microservices in #Scala &amp; #Java at @sfscala on March 22nd. I'll introduce #lagom. https://t.co/1zfcJtRfuW""",6
2016-02-26 17:00:03,"b'RT @johnkwaters: Typesafe is now @lightbend! CEO @mabrewer7 explains the name change, now on @ADTmag https://t.co/7Wn4QgSYXJ #scala #java #\xe2\x80\xa6'",0
2016-02-26 10:41:36,b'RT @amsscala: Scala for the impatient Java Developer - Developers.nl Meetup (Rotterdam) - Meetup https://t.co/7nLvNM6Fr9 via Developers_NL \xe2\x80\xa6',0
2016-02-26 10:40:37,b'Scala for the impatient Java Developer - Developers.nl Meetup (Rotterdam) - Meetup https://t.co/7nLvNM6Fr9 via Developers_NL #scala',1
2016-02-26 06:54:46,"b'RT @ScalaCourses: Scala talent experiencing strong demand (green line), compared to Java, Grails, Ruby, PHP and Python https://t.co/FZEQTfO\xe2\x80\xa6'",0
2016-02-25 23:59:41,b'RT @g_montard: Anyone with experience on Play2 Framework? #java #scala',0
2016-02-25 23:09:15,b'RT @g_montard: Anyone with experience on Play2 Framework? #java #scala',0
2016-02-25 22:49:49,b'RT @LodzScala: An introduction to Functional Programming in #scala workshop starts next week on Wednesday at 6PM https://t.co/k4wt1SImzc',0
2016-02-25 22:48:58,b'An introduction to Functional Programming in #scala workshop starts next week on Wednesday at 6PM https://t.co/k4wt1SImzc',3
2016-02-25 20:32:01,b'RT @g_montard: Anyone with experience on Play2 Framework? #java #scala',0
2016-02-25 20:23:49,b'RT @g_montard: Anyone with experience on Play2 Framework? #java #scala',0
2016-02-25 19:11:18,b'RT @Dublin_TJobs: Application Engineer Scala @paddypower Power Tower Dublin https://t.co/CkahrrHXvd #Agile #Java #NoSQL',0
2016-02-25 18:50:07,"b'RT @ScalaCourses: Scala talent experiencing strong demand (green line), compared to Java, Grails, Ruby, PHP and Python https://t.co/8c2owJG\xe2\x80\xa6'",0
2016-02-25 18:25:14,"b'RT @ScalaCourses: Scala talent experiencing strong demand (green line), compared to Java, Grails, Ruby, PHP and Python https://t.co/8c2owJG\xe2\x80\xa6'",0
2016-02-25 18:16:39,b'Anyone with experience on Play2 Framework? #java #scala',0
2016-02-25 16:54:05,"b'RT @f_bartoloni: ""Typesafe gets new name, brings #opensource #microservices #framework to #Java development"": https://t.co/NghmVKRQJg #scal\xe2\x80\xa6'",0
2016-02-25 16:14:43,"b'RT @katrinsh: @deanwampler favourite lines: pattern match on tuple, reduceByKey. #scala vs #java - his words, not mine! https://t.co/qTJ1sA\xe2\x80\xa6'",0
2016-02-25 16:12:59,"b'RT @johnkwaters: Typesafe is now @lightbend! CEO @mabrewer7 explains the name change, now on @ADTmag https://t.co/7Wn4QgSYXJ #scala #java #\xe2\x80\xa6'",0
2016-02-25 15:29:30,b'RT @Dublin_TJobs: Application Engineer Scala @paddypower Power Tower Dublin https://t.co/CkahrrHXvd #Agile #Java #NoSQL',0
2016-02-25 15:26:11,b'RT @thepspriyanka: We have a #Spark #Hadoop #Apache #scala #java #softwareengineer job in #SantaClara! Apply at https://t.co/NxYOdRUYB4 htt\xe2\x80\xa6',0
2016-02-25 12:50:35,b'We have a #Spark #Hadoop #Apache #scala #java #softwareengineer job in #SantaClara! Apply at https://t.co/NxYOdRUYB4 https://t.co/lvxEy9WJeI',3
2016-02-25 09:51:29,"b'RT @honeypotio: A colleague just came across this in a #Honeypot profile of a #Java #Scala #developer: ""Torture the data, and it will confe\xe2\x80\xa6'",0
2016-02-25 09:16:51,"b'RT @jamie_allen: @RayRoestenburg @patriknw the code base of Lagom is majority Scala, even with the initial Java focus.'",0
2016-02-25 09:07:35,b'RT @Dublin_TJobs: Application Engineer Scala @paddypower Power Tower Dublin https://t.co/CkahrrHXvd #Agile #Java #NoSQL',0
2016-02-25 09:01:11,"b'RT @ScalaTopNews: Event-driven architecture using Scala, Docker, Amazon Kinesis Firehose, and the AWS SDK for Java... https://t.co/KWg4ObYj\xe2\x80\xa6'",0
2016-02-25 08:16:37,b'what are the best tools for developing mixed Java and Scala project https://t.co/QhEXXGTwK8',0
2016-02-25 08:06:46,b'RT @awsforjava: #AWS #Java Development Blog: Event Driven Architecture with #Scala #Docker and #Kinesis Firehose - Part 2: https://t.co/hWI\xe2\x80\xa6',0
2016-02-25 07:41:14,b'RT @momotas210: How Scala code is expressed in the JVM #java #jvm https://t.co/tUnMOwSTNS via @SlideShare',0
2016-02-25 07:37:01,b'RT @Dublin_TJobs: Application Engineer Scala @paddypower Power Tower Dublin https://t.co/CkahrrHXvd #Agile #Java #NoSQL',0
2016-02-25 07:10:17,"b'Typesafe is now @lightbend! CEO @mabrewer7 explains the name change, now on @ADTmag https://t.co/7Wn4QgSYXJ #scala #java #reactive'",0
2016-02-25 06:41:38,b'How Scala code is expressed in the JVM #java #jvm https://t.co/tUnMOwSTNS via @SlideShare',0
2016-02-25 06:35:12,b'Application Engineer Scala @paddypower Power Tower Dublin https://t.co/CkahrrHXvd #Agile #Java #NoSQL',2
2016-02-25 04:43:36,"b'RT @amsscala: Event-driven architecture using Scala, Docker, Amazon Kinesis Firehose, and the AWS SDK for Java... https://t.co/UvNefflHVx v\xe2\x80\xa6'",0
2016-02-25 04:35:36,"b'RT @katrinsh: @deanwampler favourite lines: pattern match on tuple, reduceByKey. #scala vs #java - his words, not mine! https://t.co/qTJ1sA\xe2\x80\xa6'",0
2016-02-25 03:09:33,"b'Event-driven architecture using Scala, Docker, Amazon Kinesis Firehose, and the AWS SDK for Java... https://t.co/UvNefflHVx via awsforjava\xe2\x80\xa6'",1
2016-02-25 02:54:54,"b'Event-driven architecture using Scala, Docker, Amazon Kinesis Firehose, and the AWS SDK for Java... https://t.co/KWg4ObYj19 via @awsforjava'",2
2016-02-25 02:33:35,"b'RT @johnkwaters: Typesafe is now @lightbend! CEO @mabrewer7 explains the name change, now on @ADTmag https://t.co/F45cThme4m #scala #java #\xe2\x80\xa6'",0
2016-02-25 01:26:37,b'RT @awsforjava: #AWS #Java Development Blog: Event Driven Architecture with #Scala #Docker and #Kinesis Firehose - Part 2: https://t.co/hWI\xe2\x80\xa6',0
2016-02-25 01:26:32,b'RT @jason_fulghum: New #AWS #Java Blog Post - More fun with event driven architectures using #Scala #Docker and #Kinesis Firehose https://t\xe2\x80\xa6',0
2016-02-25 00:31:27,"b'@deanwampler favourite lines: pattern match on tuple, reduceByKey. #scala vs #java - his words, not mine! https://t.co/qTJ1sAMWrf'",4
2016-02-24 23:08:21,"b""RT @jamie_allen: We continue to love Scala and are continuing to invest the same time/money into it. But the Java world can't be ignored, a\xe2\x80\xa6""",0
2016-02-24 21:44:36,"b'RT @ScalaCourses: Scala talent experiencing strong demand (green line), compared to Java, Grails, Ruby, PHP and Python https://t.co/8c2owJG\xe2\x80\xa6'",0
2016-02-24 21:42:29,"b'""Typesafe gets new name, brings #opensource #microservices #framework to #Java development"": https://t.co/NghmVKRQJg #scala #devops'",0
2016-02-24 21:29:02,b'RT @awsforjava: #AWS #Java Development Blog: Event Driven Architecture with #Scala #Docker and #Kinesis Firehose - Part 2: https://t.co/hWI\xe2\x80\xa6',0
2016-02-24 19:46:32,"b'RT @ScalaFact: Backend Software Engineer - Online Store - Nest - Palo Alto, CA: #Scala, C/C++, #Java, Javascript, Python, Ruby,... https://\xe2\x80\xa6'",0
2016-02-24 19:30:02,"b'RT @talyxian: Scala vs Java, anyone have experience?'",0
2016-02-24 19:29:56,"b'Scala vs Java, anyone have experience?'",1
2016-02-24 19:02:12,"b'RT @jackarmley: No slides here, just live coding in Scala/Java! #expediaeng @lifeatexpedia @expedia #scala #java\xe2\x80\xa6 https://t.co/LyaxjOn8Wf'",0
2016-02-24 19:01:50,"b'RT @jackarmley: No slides here, just live coding in Scala/Java! #expediaeng @lifeatexpedia @expedia #scala #java\xe2\x80\xa6 https://t.co/LyaxjOn8Wf'",0
2016-02-24 19:00:22,"b'No slides here, just live coding in Scala/Java! #expediaeng @lifeatexpedia @expedia #scala #java\xe2\x80\xa6 https://t.co/LyaxjOn8Wf'",2
2016-02-24 18:29:34,b'RT @jason_fulghum: New #AWS #Java Blog Post - More fun with event driven architectures using #Scala #Docker and #Kinesis Firehose https://t\xe2\x80\xa6',0
2016-02-24 18:06:46,b'New #AWS #Java Blog Post - More fun with event driven architectures using #Scala #Docker and #Kinesis Firehose https://t.co/GBDJE0KYzF',2
2016-02-24 18:03:46,b'#AWS #Java Development Blog: Event Driven Architecture with #Scala #Docker and #Kinesis Firehose - Part 2: https://t.co/hWIAht4up1',4
2016-02-24 18:00:50,"b'RT @johnkwaters: Typesafe is now @lightbend! CEO @mabrewer7 explains the name change, now on @ADTmag https://t.co/F45cThme4m #scala #java #\xe2\x80\xa6'",0
2016-02-24 18:00:21,"b'Typesafe is now @lightbend! CEO @mabrewer7 explains the name change, now on @ADTmag https://t.co/F45cThme4m #scala #java #reactive'",1
2016-02-24 17:32:57,"b""RT @montrealjug: Do not forget tomorrow's @MontrealJUG talk on @Scala_lang with @g33konaut! https://t.co/aql4gQehYT. Also @IntellijIdea lic\xe2\x80\xa6""",0
2016-02-24 17:19:49,"b'RT @JavaEngJobs: Backend Software Engineer - Online Store - Nest - Palo Alto, CA: Scala, C/C++, Java, Javascript, Python, Ruby,... https://\xe2\x80\xa6'",0
2016-02-24 16:45:20,"b'RT @javeo_eu: A practical bundle of #WebDev tools https://t.co/7leLlDnux5 #Java,\n #PHP #Ruby #JavaScript #Python #javascript #NodejS #Scala\xe2\x80\xa6'",0
2016-02-24 16:44:45,"b'RT @javeo_eu: A practical bundle of #WebDev tools https://t.co/7leLlDnux5 #Java,\n #PHP #Ruby #JavaScript #Python #javascript #NodejS #Scala\xe2\x80\xa6'",0
2016-02-24 16:34:03,"b'RT @javeo_eu: A practical bundle of #WebDev tools https://t.co/7leLlDnux5 #Java,\n #PHP #Ruby #JavaScript #Python #javascript #NodejS #Scala\xe2\x80\xa6'",0
2016-02-24 16:06:41,b'Strange behavior using java list in scala class https://t.co/RqA66BD4Jv',0
2016-02-24 15:48:11,"b'@RayRoestenburg @patriknw the code base of Lagom is majority Scala, even with the initial Java focus.'",0
2016-02-24 14:43:09,"b'RT @javeo_eu: A practical bundle of #WebDev tools https://t.co/7leLlDnux5 #Java,\n #PHP #Ruby #JavaScript #Python #javascript #NodejS #Scala\xe2\x80\xa6'",0
2016-02-24 14:43:08,"b'A practical bundle of #WebDev tools https://t.co/7leLlDnux5 #Java,\n #PHP #Ruby #JavaScript #Python #javascript #NodejS #Scala #PHP #MongoDB'",2
2016-02-24 14:03:57,"b'RT @jobfindlypython: Solution Engineer Java Python Scala Jobs in Austin, TX #Austin #TX #jobs #jobsearch https://t.co/xaBldHDFfm'",0
2016-02-24 14:02:24,"b'Solution Engineer Java Python Scala Jobs in Austin, TX #Austin #TX #jobs #jobsearch https://t.co/xaBldHDFfm'",0
2016-02-24 13:02:54,"b""Do not forget tomorrow's @MontrealJUG talk on @Scala_lang with @g33konaut! https://t.co/aql4gQehYT. Also @IntellijIdea licenses to win!""",0
2016-02-24 12:35:06,"b'RT @jamie_allen: As to Scala penetration and 50% of our customers using the Java API, this is reasonable for the enterprise. There is risk \xe2\x80\xa6'",0
2016-02-24 11:45:51,"b""RT @djspiewak: With that said, we desperately need community efforts to be more discoverable for newcomers. Scala inherited Java's tools in\xe2\x80\xa6""",0
2016-02-24 11:24:51,"b""RT @jamie_allen: We continue to love Scala and are continuing to invest the same time/money into it. But the Java world can't be ignored, a\xe2\x80\xa6""",0
2016-02-24 10:42:10,"b""RT @voxxed: Typesafe decouples from Scala-centric vibe with new name 'Lightbend' - but rest assured, it still loves the language\nhttps://t.\xe2\x80\xa6""",0
2016-02-24 08:14:23,"b'RT @ScalaCourses: Scala talent experiencing strong demand (green line), compared to Java, Grails, Ruby, PHP and Python https://t.co/8c2owJG\xe2\x80\xa6'",0
2016-02-24 08:05:36,b'RT @redondofelix: Are you thinking to learn a new programming language? Check the ranking https://t.co/yFdXdN29tf #java #python #c #php #sc\xe2\x80\xa6',0
2016-02-24 08:02:35,b'RT @redondofelix: Are you thinking to learn a new programming language? Check the ranking https://t.co/yFdXdN29tf #java #python #c #php #sc\xe2\x80\xa6',0
2016-02-24 08:01:26,b'RT @redondofelix: Are you thinking to learn a new programming language? Check the ranking https://t.co/yFdXdN29tf #java #python #c #php #sc\xe2\x80\xa6',0
2016-02-24 07:48:36,b'Are you thinking to learn a new programming language? Check the ranking https://t.co/yFdXdN29tf #java #python #c #php #scala #javascript',4
2016-02-24 07:18:11,b'RT @KevinHoffman: . @eric_opines @jamie_allen @jboner To be fair it IS easier to build a Java API then craft an elegant #Scala DSL atop it \xe2\x80\xa6',0
2016-02-24 07:13:44,"b'RT @JobsRedwoodCity: #Job #RedwoodCity Senior Software Developer - Hadoop, Java / Scala: CA-Redwood City, CyberCoders Matching Grea... http\xe2\x80\xa6'",0
2016-02-24 07:00:16,"b""Typesafe decouples from Scala-centric vibe with new name 'Lightbend' - but rest assured, it still loves the language\nhttps://t.co/EIE0Camk9R""",2
2016-02-24 06:04:04,"b'In scala, how to unbox different Java wrappers of numerical types https://t.co/8U9yyoKpXk'",0
2016-02-24 05:36:57,"b'#Job #RedwoodCity Senior Software Developer - Hadoop, Java / Scala: CA-Redwood City, CyberCoders Matching Grea... https://t.co/Y3nK5qMQOF'",1
2016-02-24 05:13:49,"b'RT @calncal: Lagom is announced! \nIt may be Java first, but it certainly will have Scala and not be Java _only_ \nWatch this space https://t\xe2\x80\xa6'",0
2016-02-24 03:16:04,"b'RT @metutscom: #Seeking Mixed-Language Developers &amp; Architects (C++, Python, Java, Scala) for Major FinTech Program #jobs #jo... https://t.\xe2\x80\xa6'",0
2016-02-24 02:31:15,b'RT @jamie_allen: There will be a Java &amp; Scala Reactive conference this year in the Fall here in the USA. We must support both communities.',0
2016-02-24 02:30:58,"b'RT @jamie_allen: As to Scala penetration and 50% of our customers using the Java API, this is reasonable for the enterprise. There is risk \xe2\x80\xa6'",0
2016-02-24 02:04:15,b'RT @jamie_allen: There will be a Java &amp; Scala Reactive conference this year in the Fall here in the USA. We must support both communities.',0
2016-02-24 01:17:25,"b'RT @petrabarus: ""Event-driven architecture using Scala, Docker, Amazon Kinesis Firehose,  (Part 2)""  https://t.co/MjwXdpcVdO #distributedsy\xe2\x80\xa6'",0
2016-02-24 00:54:28,"b""RT @jamie_allen: We continue to love Scala and are continuing to invest the same time/money into it. But the Java world can't be ignored, a\xe2\x80\xa6""",0
2016-02-24 00:47:07,"b'As to Scala penetration and 50% of our customers using the Java API, this is reasonable for the enterprise. There is risk in new tech.'",2
2016-02-24 00:46:10,b'There will be a Java &amp; Scala Reactive conference this year in the Fall here in the USA. We must support both communities.',4
2016-02-24 00:44:27,"b""We continue to love Scala and are continuing to invest the same time/money into it. But the Java world can't be ignored, and it has been.""",7
2016-02-24 00:39:58,"b""RT @debasishg: +1 .. and @odersky giving high priority to Scala's Java interop .. https://t.co/NczuksBXnT""",0
2016-02-24 00:30:54,"b'RT @honeypotio: A colleague just came across this in a #Honeypot profile of a #Java #Scala #developer: ""Torture the data, and it will confe\xe2\x80\xa6'",0
2016-02-24 00:29:55,"b'""Event-driven architecture using Scala, Docker, Amazon Kinesis Firehose,  (Part 2)""  https://t.co/MjwXdpcVdO #distributedsystems #feedly'",1
2016-02-23 23:25:57,"b'RT @calncal: Lagom is announced! \nIt may be Java first, but it certainly will have Scala and not be Java _only_ \nWatch this space https://t\xe2\x80\xa6'",0
2016-02-23 23:17:36,b'RT @joescii: That time they hired me to consult a Java team. #scala https://t.co/zdV19hojsd',0
2016-02-23 22:26:48,b'RT @pdeva: Typesafe has given up on Scala https://t.co/uIsmsboruI',0
2016-02-23 22:25:22,b'Typesafe has given up on Scala https://t.co/uIsmsboruI',1
2016-02-23 21:57:31,b'RT @Scala_RR: 7 reasons Scala is better than Java ... so why is Java winning? https://t.co/oedQsrngaV https://t.co/PhMYH83zNp',0
2016-02-23 20:47:55,"b'RT @calncal: Lagom is announced! \nIt may be Java first, but it certainly will have Scala and not be Java _only_ \nWatch this space https://t\xe2\x80\xa6'",0
2016-02-23 20:41:35,"b'RT @ScalaCourses: Scala talent experiencing strong demand (green line), compared to Java, Grails, Ruby, PHP and Python https://t.co/8c2owJG\xe2\x80\xa6'",0
2016-02-23 20:33:02,b'RT @nordicapis: Building a REST API in Scala &amp; Java w/ the Play Framework https://t.co/ad2lSKKFQS @playframework @scala_lang @java https://\xe2\x80\xa6',0
2016-02-23 19:30:31,"b'RT @calncal: Lagom is announced! \nIt may be Java first, but it certainly will have Scala and not be Java _only_ \nWatch this space https://t\xe2\x80\xa6'",0
2016-02-23 19:30:05,"b'Lagom is announced! \nIt may be Java first, but it certainly will have Scala and not be Java _only_ \nWatch this space https://t.co/PybuTSpexR'",1
2016-02-23 19:24:08,b'RT @alblue: If you don\xe2\x80\x99t believe Scala is dead:\n\xe2\x80\x9cwith more than half of our customers representing traditional Java enterprises\xe2\x80\x9d\nhttps://t.\xe2\x80\xa6',0
2016-02-23 19:12:08,b'RT @KevinHoffman: . @eric_opines @jamie_allen @jboner To be fair it IS easier to build a Java API then craft an elegant #Scala DSL atop it \xe2\x80\xa6',0
2016-02-23 18:57:07,b'. @eric_opines @jamie_allen @jboner To be fair it IS easier to build a Java API then craft an elegant #Scala DSL atop it rather than reverse',1
2016-02-23 18:08:54,b'RT @LillianEdmiston: RT https://t.co/e2VIyfpFC4 RT TeamWanari: #scala #java #angularjs #playframework #swift #android #agile\nJoin our \xe2\x80\xa6 htt\xe2\x80\xa6',0
2016-02-23 18:03:30,b'RT @LillianEdmiston: RT https://t.co/kv1LgXuU6b RT TeamWanari: #scala #java #angularjs #playframework #swift #android #agile\nJoin our \xe2\x80\xa6 htt\xe2\x80\xa6',0
2016-02-23 18:00:20,b'RT @LillianEdmiston: RT https://t.co/u5XNclH4FQ #scala #java #angularjs #playframework #swift #android #agile\nJoin our team now!\nhttps://t.\xe2\x80\xa6',0
2016-02-23 17:52:57,"b'RT @ScalaCourses: Scala talent experiencing strong demand (green line), compared to Java, Grails, Ruby, PHP and Python https://t.co/8c2owJG\xe2\x80\xa6'",0
2016-02-23 17:45:55,"b'RT @honeypotio: A colleague just came across this in a #Honeypot profile of a #Java #Scala #developer: ""Torture the data, and it will confe\xe2\x80\xa6'",0
2016-02-23 17:30:09,"b""+1 .. and @odersky giving high priority to Scala's Java interop .. https://t.co/NczuksBXnT""",1
2016-02-23 17:28:44,b'7 reasons Scala is better than Java ... so why is Java winning? https://t.co/oedQsrngaV https://t.co/PhMYH83zNp',3
2016-02-23 17:22:47,b'RT @TeamWanari: #scala #java #angularjs #playframework #swift #android #agile\nJoin our team now!\nhttps://t.co/m8rinbNlpx',0
2016-02-23 17:21:40,b'RT @Evanfchan: Congrats Typesafe on the new name @lightbend  https://t.co/JbHqofrPri   #Scala #java #reactive',0
2016-02-23 17:09:46,b'RT @vkostyukov: @vkostyukov People picked #Scala because they were tired of Java EE. Last time I looked at Spring I nearly died.',0
2016-02-23 16:58:10,b'@vkostyukov People picked #Scala because they were tired of Java EE. Last time I looked at Spring I nearly died.',5
2016-02-23 15:22:11,b'RT @alblue: If you don\xe2\x80\x99t believe Scala is dead:\n\xe2\x80\x9cwith more than half of our customers representing traditional Java enterprises\xe2\x80\x9d\nhttps://t.\xe2\x80\xa6',0
2016-02-23 14:16:59,b'RT @Jaguard: Typesafe Changes Name to @Lightbend; Launch #Lagom #reactive/#microservices #Scala/#Java\nhttps://t.co/QnpoYwB58C\nhttps://t.co/\xe2\x80\xa6',0
2016-02-23 13:58:31,"b""RT @skaalf: @mandubian We'll just do it while migrating from Scala to Java ^^""",0
2016-02-23 13:56:57,"b""@mandubian We'll just do it while migrating from Scala to Java ^^""",1
2016-02-23 13:45:51,"b'RT @twestmacott: @cschanck In the free world, a decade of Java stagnation ended abruptly. Scala is a step-change in IDE challenge, IJ rose \xe2\x80\xa6'",0
2016-02-23 13:43:24,"b'@cschanck In the free world, a decade of Java stagnation ended abruptly. Scala is a step-change in IDE challenge, IJ rose to it, Eclipse not'",1
2016-02-23 13:21:25,"b'RT @ScalaCourses: Scala talent experiencing strong demand (green line), compared to Java, Grails, Ruby, PHP and Python https://t.co/8c2owJG\xe2\x80\xa6'",0
2016-02-23 13:06:57,b'Typesafe Changes Name to @Lightbend; Launch #Lagom #reactive/#microservices #Scala/#Java\nhttps://t.co/QnpoYwB58C\nhttps://t.co/SWbiai6a8d',0
2016-02-23 12:56:53,"b'RT @ScalaCourses: Scala talent experiencing strong demand (green line), compared to Java, Grails, Ruby, PHP and Python https://t.co/8c2owJG\xe2\x80\xa6'",0
2016-02-23 12:49:37,"b'RT @SoniaIntelArg: Cloud #Software Engineer (Python, #Java or Scala) (#job) wanted in #C\xc3\xb3rdoba. #Intel https://t.co/iYjG4n0gN5 https://t.co\xe2\x80\xa6'",0
2016-02-23 12:39:50,"b'RT @SoniaIntelArg: Cloud #Software Engineer (Python, #Java or Scala) (#job) wanted in #C\xc3\xb3rdoba. #Intel https://t.co/iYjG4n0gN5 https://t.co\xe2\x80\xa6'",0
2016-02-23 12:38:38,"b'Cloud #Software Engineer (Python, #Java or Scala) (#job) wanted in #C\xc3\xb3rdoba. #Intel https://t.co/iYjG4n0gN5 https://t.co/NQc9yseVuW'",2
2016-02-23 11:48:43,"b'RT @christian_stamm: @joewalnes ""Scala is so successful because it\'s just as complex as a Java dev would expect."" Dunno who said it but it\'\xe2\x80\xa6'",0
2016-02-23 10:57:14,"b'RT @scalajobz: New Job posted by Ashdown Consulting Sydney, NSW for Scala / Java / JavaScript / ... at https://t.co/yh5pCDOIxS'",0
2016-02-23 10:34:16,"b'RT @robilad: ""for Java will be available [..]  in early March, with Scala to follow."" https://t.co/kvkATzjP9T'",0
2016-02-23 10:19:42,"b'RT @scalajobz: New Job posted by Ashdown Consulting Sydney, NSW for Scala / Java / JavaScript / ... at https://t.co/yh5pCDOIxS'",0
2016-02-23 10:06:23,b'If you don\xe2\x80\x99t believe Scala is dead:\n\xe2\x80\x9cwith more than half of our customers representing traditional Java enterprises\xe2\x80\x9d\nhttps://t.co/pJqmXHuw2e',1
2016-02-23 10:05:26,"b'""for Java will be available [..]  in early March, with Scala to follow."" https://t.co/kvkATzjP9T'",0
2016-02-23 10:03:13,"b'RT @steve_codes: Typesafe renames to @lightbend, and announce Lagom. First MVP to be in Java rather than Scala. \n\nhttps://t.co/ETQBbH9fw9'",0
2016-02-23 09:28:23,"b'RT @steve_codes: Typesafe renames to @lightbend, and announce Lagom. First MVP to be in Java rather than Scala. \n\nhttps://t.co/ETQBbH9fw9'",0
2016-02-23 09:25:48,"b'Typesafe renames to @lightbend, and announce Lagom. First MVP to be in Java rather than Scala. \n\nhttps://t.co/ETQBbH9fw9'",3
2016-02-23 09:14:12,"b'New Job posted by Ashdown Consulting Sydney, NSW for Scala / Java / JavaScript / ... at https://t.co/yh5pCDOIxS'",1
2016-02-23 08:59:26,"b'RT @RichardWarburto: ""The first MVP of Lagom for Java will be available early March, with Scala to follow.""\n\n- Java first, scala next ... n\xe2\x80\xa6'",0
2016-02-23 08:55:34,"b'RT @ScalaCourses: Scala talent experiencing strong demand (green line), compared to Java, Grails, Ruby, PHP and Python https://t.co/8c2owJG\xe2\x80\xa6'",0
2016-02-23 08:43:32,"b'RT @RichardWarburto: ""The first MVP of Lagom for Java will be available early March, with Scala to follow.""\n\n- Java first, scala next ... n\xe2\x80\xa6'",0
2016-02-23 08:35:36,"b'""The first MVP of Lagom for Java will be available early March, with Scala to follow.""\n\n- Java first, scala next ... not just a name change?'",3
2016-02-23 07:27:04,"b'RT @ScalaCourses: Scala talent experiencing strong demand (green line), compared to Java, Grails, Ruby, PHP and Python https://t.co/8c2owJG\xe2\x80\xa6'",0
2016-02-23 05:01:24,b'RT @Evanfchan: Congrats Typesafe on the new name @lightbend  https://t.co/JbHqofrPri   #Scala #java #reactive',0
2016-02-23 05:00:46,b'Congrats Typesafe on the new name @lightbend  https://t.co/JbHqofrPri   #Scala #java #reactive',9
2016-02-23 03:20:05,b'Spring Boot with Scala #spring https://t.co/Ma9uvvrpuo',0
2016-02-23 03:08:02,"b'RT @ScalaCourses: Scala talent experiencing strong demand (green line), compared to Java, Grails, Ruby, PHP and Python https://t.co/8c2owJG\xe2\x80\xa6'",0
2016-02-23 01:50:13,"b'RT @ScalaCourses: Scala talent experiencing strong demand (green line), compared to Java, Grails, Ruby, PHP and Python https://t.co/8c2owJG\xe2\x80\xa6'",0
2016-02-23 01:49:31,"b""RT @chrisjasonkelly: @danieldietrich I've used Scala in past and gratified to see I can use a monadic mindset but with Java which for me is\xe2\x80\xa6""",0
2016-02-23 01:43:14,"b""RT @chrisjasonkelly: @danieldietrich I've used Scala in past and gratified to see I can use a monadic mindset but with Java which for me is\xe2\x80\xa6""",0
2016-02-23 00:42:35,"b'RT @honeypotio: A colleague just came across this in a #Honeypot profile of a #Java #Scala #developer: ""Torture the data, and it will confe\xe2\x80\xa6'",0
2016-02-23 00:40:46,"b'RT @honeypotio: A colleague just came across this in a #Honeypot profile of a #Java #Scala #developer: ""Torture the data, and it will confe\xe2\x80\xa6'",0
2016-02-23 00:37:31,"b'RT @ScalaCourses: Scala talent experiencing strong demand (green line), compared to Java, Grails, Ruby, PHP and Python https://t.co/8c2owJG\xe2\x80\xa6'",0
2016-02-23 00:30:29,"b'RT @ScalaCourses: Scala talent experiencing strong demand (green line), compared to Java, Grails, Ruby, PHP and Python https://t.co/8c2owJG\xe2\x80\xa6'",0
2016-02-23 00:27:30,"b""RT @chrisjasonkelly: @danieldietrich I've used Scala in past and gratified to see I can use a monadic mindset but with Java which for me is\xe2\x80\xa6""",0
2016-02-23 00:19:29,"b'RT @honeypotio: A colleague just came across this in a #Honeypot profile of a #Java #Scala #developer: ""Torture the data, and it will confe\xe2\x80\xa6'",0
2016-02-23 00:11:29,"b'RT @ScalaCourses: Scala talent experiencing strong demand (green line), compared to Java, Grails, Ruby, PHP and Python https://t.co/8c2owJG\xe2\x80\xa6'",0
2016-02-22 22:50:49,"b'RT @CNYTECHJOBS: Director of Engineering, Content Marketing - https://t.co/BFIs21bjWE #Scala #Java #TDD #Python #Perl #MongoDB #NoSQL'",0
2016-02-22 21:54:43,"b'RT @ScalaCourses: Scala talent experiencing strong demand (green line), compared to Java, Grails, Ruby, PHP and Python https://t.co/8c2owJG\xe2\x80\xa6'",0
2016-02-22 21:20:58,"b""RT @chrisjasonkelly: @danieldietrich I've used Scala in past and gratified to see I can use a monadic mindset but with Java which for me is\xe2\x80\xa6""",0
2016-02-22 21:05:07,"b'RT @ScalaCourses: Scala talent experiencing strong demand (green line), compared to Java, Grails, Ruby, PHP and Python https://t.co/8c2owJG\xe2\x80\xa6'",0
2016-02-22 20:51:21,"b'RT @ScalaCourses: Scala talent experiencing strong demand (green line), compared to Java, Grails, Ruby, PHP and Python https://t.co/8c2owJG\xe2\x80\xa6'",0
2016-02-22 20:42:17,b'Spring Boot with Scala | Java Code Geeks - 2016 https://t.co/fVUSUCGIFK via @javacodegeeks',3
2016-02-22 20:15:47,"b'RT @ScalaCourses: Scala talent experiencing strong demand (green line), compared to Java, Grails, Ruby, PHP and Python https://t.co/8c2owJG\xe2\x80\xa6'",0
2016-02-22 20:03:18,"b'RT @ScalaCourses: Scala talent experiencing strong demand (green line), compared to Java, Grails, Ruby, PHP and Python https://t.co/8c2owJG\xe2\x80\xa6'",0
2016-02-22 19:28:13,"b'RT @ScalaCourses: Scala talent experiencing strong demand (green line), compared to Java, Grails, Ruby, PHP and Python https://t.co/8c2owJG\xe2\x80\xa6'",0
2016-02-22 18:47:49,"b'RT @ScalaCourses: Scala talent experiencing strong demand (green line), compared to Java, Grails, Ruby, PHP and Python https://t.co/8c2owJG\xe2\x80\xa6'",0
2016-02-22 18:24:06,"b'RT @ScalaCourses: Scala talent experiencing strong demand (green line), compared to Java, Grails, Ruby, PHP and Python https://t.co/8c2owJG\xe2\x80\xa6'",0
2016-02-22 18:19:26,"b'RT @ScalaCourses: Scala talent experiencing strong demand (green line), compared to Java, Grails, Ruby, PHP and Python https://t.co/8c2owJG\xe2\x80\xa6'",0
2016-02-22 18:18:05,b'Building a REST API in Scala &amp; Java w/ the Play Framework https://t.co/ad2lSKKFQS @playframework @scala_lang @java https://t.co/cM4MbJtX9I',1
2016-02-22 18:08:42,"b'RT @ScalaCourses: Scala talent experiencing strong demand (green line), compared to Java, Grails, Ruby, PHP and Python https://t.co/8c2owJG\xe2\x80\xa6'",0
2016-02-22 17:56:18,"b'RT @ScalaCourses: Scala talent experiencing strong demand (green line), compared to Java, Grails, Ruby, PHP and Python https://t.co/8c2owJG\xe2\x80\xa6'",0
2016-02-22 17:47:17,"b'RT @ScalaCourses: Scala talent experiencing strong demand (green line), compared to Java, Grails, Ruby, PHP and Python https://t.co/8c2owJG\xe2\x80\xa6'",0
2016-02-22 17:42:51,"b'@joewalnes ""Scala is so successful because it\'s just as complex as a Java dev would expect."" Dunno who said it but it\'s true.'",1
2016-02-22 17:32:42,"b'RT @ScalaCourses: Scala talent experiencing strong demand (green line), compared to Java, Grails, Ruby, PHP and Python https://t.co/8c2owJG\xe2\x80\xa6'",0
2016-02-22 17:30:43,"b""@danieldietrich I've used Scala in past and gratified to see I can use a monadic mindset but with Java which for me is a bin win.""",2
2016-02-22 17:21:29,"b'RT @ScalaCourses: Scala talent experiencing strong demand (green line), compared to Java, Grails, Ruby, PHP and Python https://t.co/8c2owJG\xe2\x80\xa6'",0
2016-02-22 17:12:58,"b'RT @ScalaCourses: Scala talent experiencing strong demand (green line), compared to Java, Grails, Ruby, PHP and Python https://t.co/8c2owJG\xe2\x80\xa6'",0
2016-02-22 17:03:38,"b'RT @ScalaCourses: Scala talent experiencing strong demand (green line), compared to Java, Grails, Ruby, PHP and Python https://t.co/8c2owJG\xe2\x80\xa6'",0
2016-02-22 16:57:42,"b'RT @ScalaCourses: Scala talent experiencing strong demand (green line), compared to Java, Grails, Ruby, PHP and Python https://t.co/8c2owJG\xe2\x80\xa6'",0
2016-02-22 16:54:28,"b'RT @ScalaCourses: Scala talent experiencing strong demand (green line), compared to Java, Grails, Ruby, PHP and Python https://t.co/8c2owJG\xe2\x80\xa6'",0
2016-02-22 16:49:17,"b'RT @ScalaCourses: Scala talent experiencing strong demand (green line), compared to Java, Grails, Ruby, PHP and Python https://t.co/8c2owJG\xe2\x80\xa6'",0
2016-02-22 16:47:35,"b'RT @ScalaCourses: Scala talent experiencing strong demand (green line), compared to Java, Grails, Ruby, PHP and Python https://t.co/8c2owJG\xe2\x80\xa6'",0
2016-02-22 16:43:46,"b'RT @ScalaCourses: Scala talent experiencing strong demand (green line), compared to Java, Grails, Ruby, PHP and Python https://t.co/8c2owJG\xe2\x80\xa6'",0
2016-02-22 16:43:41,"b'RT @ScalaCourses: Scala talent experiencing strong demand (green line), compared to Java, Grails, Ruby, PHP and Python https://t.co/8c2owJG\xe2\x80\xa6'",0
2016-02-22 16:37:02,b'RT @ScalaFact: 7 reasons #Scala is better than #Java...so why is #Java winning? @JoeTeibel https://t.co/nVh7ooB94C via @hpdevelopers #devop\xe2\x80\xa6',0
2016-02-22 16:36:05,"b'RT @ScalaCourses: Scala talent experiencing strong demand (green line), compared to Java, Grails, Ruby, PHP and Python https://t.co/8c2owJG\xe2\x80\xa6'",0
2016-02-22 16:33:50,"b'RT @ScalaCourses: Scala talent experiencing strong demand (green line), compared to Java, Grails, Ruby, PHP and Python https://t.co/8c2owJG\xe2\x80\xa6'",0
2016-02-22 16:30:22,"b'RT @ScalaCourses: Scala talent experiencing strong demand (green line), compared to Java, Grails, Ruby, PHP and Python https://t.co/8c2owJG\xe2\x80\xa6'",0
2016-02-22 16:22:49,"b'RT @ScalaCourses: Scala talent experiencing strong demand (green line), compared to Java, Grails, Ruby, PHP and Python https://t.co/8c2owJG\xe2\x80\xa6'",0
2016-02-22 16:21:03,"b'RT @ScalaCourses: Scala talent experiencing strong demand (green line), compared to Java, Grails, Ruby, PHP and Python https://t.co/8c2owJG\xe2\x80\xa6'",0
2016-02-22 16:20:32,"b'RT @ScalaCourses: Scala talent experiencing strong demand (green line), compared to Java, Grails, Ruby, PHP and Python https://t.co/8c2owJG\xe2\x80\xa6'",0
2016-02-22 16:20:09,"b'RT @ScalaCourses: Scala talent experiencing strong demand (green line), compared to Java, Grails, Ruby, PHP and Python https://t.co/8c2owJG\xe2\x80\xa6'",0
2016-02-22 16:16:56,"b'RT @ScalaCourses: Scala talent experiencing strong demand (green line), compared to Java, Grails, Ruby, PHP and Python https://t.co/8c2owJG\xe2\x80\xa6'",0
2016-02-22 16:09:31,b'We have a #Spark #Hadoop #Apache #scala #java #softwareengineer job in #SantaClara! Apply at https://t.co/eAyRekwanL #SoftwareJobs #techjobs',8
2016-02-22 15:37:21,"b'RT @ScalaCourses: Scala talent experiencing strong demand (green line), compared to Java, Grails, Ruby, PHP and Python https://t.co/8c2owJG\xe2\x80\xa6'",0
2016-02-22 15:03:25,"b'RT @ScalaCourses: Scala talent experiencing strong demand (green line), compared to Java, Grails, Ruby, PHP and Python https://t.co/8c2owJG\xe2\x80\xa6'",0
2016-02-22 14:59:22,b'RT @ScalaFact: 7 reasons #Scala is better than #Java...so why is #Java winning? @JoeTeibel https://t.co/nVh7ooB94C via @hpdevelopers #devop\xe2\x80\xa6',0
2016-02-22 14:51:39,b'RT @ScalaFact: 7 reasons #Scala is better than #Java...so why is #Java winning? @JoeTeibel https://t.co/nVh7ooB94C via @hpdevelopers #devop\xe2\x80\xa6',0
2016-02-22 14:50:53,"b'Scala talent experiencing strong demand (green line), compared to Java, Grails, Ruby, PHP and Python https://t.co/8c2owJGeCz'",50
2016-02-22 14:50:17,b'7 reasons #Scala is better than #Java...so why is #Java winning? @JoeTeibel https://t.co/nVh7ooB94C via @hpdevelopers #devops #APIs',2
2016-02-22 14:25:33,"b'RT @CNYTECHJOBS: Director of Engineering, Content Marketing - https://t.co/BFIs21bjWE #Scala #Java #TDD #Python #Perl #MongoDB #NoSQL'",0
2016-02-22 14:25:33,"b'Director of Engineering, Content Marketing - https://t.co/BFIs21bjWE #Scala #Java #TDD #Python #Perl #MongoDB #NoSQL'",4
2016-02-22 14:12:21,b'RT @hpdevelopers: 7 reasons #Scala is better than #Java...so why is Java winning? @JoeTeibel https://t.co/TiFs9m3pyM via @hpdevelopers #dev\xe2\x80\xa6',0
2016-02-22 12:44:54,b'RT https://t.co/e2VIyfpFC4 RT TeamWanari: #scala #java #angularjs #playframework #swift #android #agile\nJoin our \xe2\x80\xa6 https://t.co/mRgRytxhCo',0
2016-02-22 12:44:51,b'RT https://t.co/kv1LgXuU6b RT TeamWanari: #scala #java #angularjs #playframework #swift #android #agile\nJoin our \xe2\x80\xa6 https://t.co/mRgRytxhCo',0
2016-02-22 12:44:50,b'RT https://t.co/u5XNclH4FQ #scala #java #angularjs #playframework #swift #android #agile\nJoin our team now!\nhttps://t.co/mRgRytxhCo',0
2016-02-22 12:40:15,b'RT @TeamWanari: #scala #java #angularjs #playframework #swift #android #agile\nJoin our team now!\nhttps://t.co/m8rinbNlpx',0
2016-02-22 12:38:43,b'RT @TeamWanari: #scala #java #angularjs #playframework #swift #android #agile\nJoin our team now!\nhttps://t.co/m8rinbNlpx',0
2016-02-22 12:38:43,b'#scala #java #angularjs #playframework #swift #android #agile\nJoin our team now!\nhttps://t.co/m8rinbNlpx',1
2016-02-22 09:57:07,b'RT @ScalaFact: AWS #Java Blog Post: Event Driven Architecture with #Scala #Docker and #KinesisFirehose - https://t.co/tP5RXW0CIw',0
2016-02-22 09:31:38,b'RT @ScalaFact: AWS #Java Blog Post: Event Driven Architecture with #Scala #Docker and #KinesisFirehose - https://t.co/tP5RXW0CIw',0
2016-02-22 09:23:13,"b'RT @capotej: scala career timeline:\nyear 1: dope, gonna write some terse code\nyear 2: hmm, maybe i shouldnt use every feature\nyear 3: java \xe2\x80\xa6'",0
2016-02-22 07:36:57,b'RT @Ruxit: Ready for our extended #Play framework support for #Scala? https://t.co/mLkcbifj37 #APM https://t.co/I84ClTqdYO',0
2016-02-22 05:28:37,b'RT @LillianEdmiston: RT https://t.co/KHCeLiCGA4 Play https://t.co/Yus2AIaIls playframework #Java #Scala\nThe High Velocity Web Framewo\xe2\x80\xa6 http\xe2\x80\xa6',0
2016-02-22 00:48:45,"b'RT @flaviowbrasil: Comparison between Quill, Panthom and the Datastax java driver for #cassandra access in #scala https://t.co/rM7z1rpDAO'",0
2016-02-21 21:59:48,"b'RT @flaviowbrasil: Comparison between Quill, Panthom and the Datastax java driver for #cassandra access in #scala https://t.co/rM7z1rpDAO'",0
2016-02-21 21:27:27,"b'RT @ScalaCourses: Scala talent experiencing strong demand (green line), compared to Java, Grails, Ruby, PHP and Python https://t.co/FZEQTfO\xe2\x80\xa6'",0
2016-02-21 20:39:14,"b'RT @jobfindlypython: Mid To Senior Software Engineer Scala Java Aws Devops Python Jobs in Philadelphia, PA #Philadelphia #PA https://t.co/n\xe2\x80\xa6'",0
2016-02-21 20:32:34,"b'Mid To Senior Software Engineer Scala Java Aws Devops Python Jobs in Philadelphia, PA #Philadelphia #PA https://t.co/n3rhktulR4'",1
2016-02-21 18:58:17,"b'RT @flaviowbrasil: Comparison between Quill, Panthom and the Datastax java driver for #cassandra access in #scala https://t.co/rM7z1rpDAO'",0
2016-02-21 16:10:16,b'Fetch SparkContext from Scala REPL in a Java program https://t.co/SN2a55gwXJ',1
2016-02-21 15:05:25,"b'RT @rssh1: #lambdadays  @Andre_van_Delft  make full house with ACP  //I remember, talk about https://t.co/D7k3rDILoI on our Java/Scala Odes\xe2\x80\xa6'",0
2016-02-21 12:41:13,"b'RT @ScalaCourses: Scala talent experiencing strong demand (green line), compared to Java, Grails, Ruby, PHP and Python https://t.co/FZEQTfO\xe2\x80\xa6'",0
2016-02-21 10:00:01,b'Play https://t.co/qPwjChKbqE @playframework #Java #Scala\nThe High Velocity Web Framework https://t.co/DC7cOHkEwX',0
2016-02-21 08:15:06,"b'RT @ScalaCourses: Scala talent experiencing strong demand (green line), compared to Java, Grails, Ruby, PHP and Python https://t.co/FZEQTfO\xe2\x80\xa6'",0
2016-02-21 03:10:21,b'AWS #Java Blog Post: Event Driven Architecture with #Scala #Docker and #KinesisFirehose - https://t.co/tP5RXW0CIw',2
2016-02-21 01:32:19,"b'RT @ScalaCourses: Scala talent experiencing strong demand (green line), compared to Java, Grails, Ruby, PHP and Python https://t.co/FZEQTfO\xe2\x80\xa6'",0
2016-02-20 23:17:16,"b'RT @ScalaCourses: Scala talent experiencing strong demand (green line), compared to Java, Grails, Ruby, PHP and Python https://t.co/FZEQTfO\xe2\x80\xa6'",0
2016-02-20 23:04:59,b'RT @awsforjava: AWS #Java Blog Post: Event Driven Architecture with #Scala #Docker and #KinesisFirehose - https://t.co/90uYjATPUm',0
2016-02-20 21:03:00,"b'RT @ScalaCourses: Scala talent experiencing strong demand (green line), compared to Java, Grails, Ruby, PHP and Python https://t.co/FZEQTfO\xe2\x80\xa6'",0
2016-02-20 20:48:50,"b'RT @ScalaCourses: Scala talent experiencing strong demand (green line), compared to Java, Grails, Ruby, PHP and Python https://t.co/FZEQTfO\xe2\x80\xa6'",0
2016-02-20 19:22:26,"b'RT @ScalaCourses: Scala talent experiencing strong demand (green line), compared to Java, Grails, Ruby, PHP and Python https://t.co/FZEQTfO\xe2\x80\xa6'",0
2016-02-20 18:02:11,b'RT @Dublin_TJobs: Application Engineer Scala minimum 1 year commercial experience @paddypower Power Tower Dublin https://t.co/GX6CMni2dc #A\xe2\x80\xa6',0
2016-02-20 17:19:58,b'RT @Dublin_TJobs: Application Engineer Scala minimum 1 year commercial experience @paddypower Power Tower Dublin https://t.co/GX6CMni2dc #A\xe2\x80\xa6',0
2016-02-20 17:15:33,b'Application Engineer Scala minimum 1 year commercial experience @paddypower Power Tower Dublin https://t.co/GX6CMni2dc #Agile #Java #NoSQL',3
2016-02-20 15:56:11,"b'RT @ScalaCourses: Scala talent experiencing strong demand (green line), compared to Java, Grails, Ruby, PHP and Python https://t.co/FZEQTfO\xe2\x80\xa6'",0
2016-02-20 13:35:41,"b'RT @ScalaCourses: Scala talent experiencing strong demand (green line), compared to Java, Grails, Ruby, PHP and Python https://t.co/FZEQTfO\xe2\x80\xa6'",0
2016-02-20 12:40:41,"b'RT @ScalaCourses: Scala talent experiencing strong demand (green line), compared to Java, Grails, Ruby, PHP and Python https://t.co/FZEQTfO\xe2\x80\xa6'",0
2016-02-20 12:03:45,"b'RT @ScalaCourses: Scala talent experiencing strong demand (green line), compared to Java, Grails, Ruby, PHP and Python https://t.co/FZEQTfO\xe2\x80\xa6'",0
2016-02-20 11:58:51,"b'RT @ScalaCourses: Scala talent experiencing strong demand (green line), compared to Java, Grails, Ruby, PHP and Python https://t.co/FZEQTfO\xe2\x80\xa6'",0
2016-02-20 11:51:51,"b'RT @ScalaCourses: Scala talent experiencing strong demand (green line), compared to Java, Grails, Ruby, PHP and Python https://t.co/FZEQTfO\xe2\x80\xa6'",0
2016-02-20 09:30:23,"b'RT @flaviowbrasil: Comparison between Quill, Panthom and the Datastax java driver for #cassandra access in #scala https://t.co/rM7z1rpDAO'",0
2016-02-20 08:46:04,"b'RT @ScalaCourses: Scala talent experiencing strong demand (green line), compared to Java, Grails, Ruby, PHP and Python https://t.co/FZEQTfO\xe2\x80\xa6'",0
